Voltage, PWM (µs), RPM, Current (A), Voltage (V), Power (W), Force (Kg f), Efficiency (g/W)
10,1100,2662,13.62,10,136.2,-2.31,17.0
10,1104,2667,13.63,10,136.3,-2.30,16.9
10,1108,2661,13.45,10,134.5,-2.30,17.1
10,1112,2627,13.2,10,132,-2.28,17.3
10,1116,2617,12.81,10,128.1,-2.22,17.4
10,1120,2600,12.5,10,125,-2.18,17.5
10,1124,2590,12.14,10,121.4,-2.16,17.8
10,1128,2562,11.96,10,119.6,-2.13,17.8
10,1132,2535,11.63,10,116.3,-2.11,18.1
10,1136,2528,11.32,10,113.2,-2.05,18.2
10,1140,2514,11,10,110,-2.04,18.6
10,1144,2484,10.8,10,108,-1.99,18.4
10,1148,2472,10.45,10,104.5,-1.95,18.7
10,1152,2449,10.2,10,102,-1.93,18.9
10,1156,2436,9.9,10,99,-1.89,19.1
10,1160,2416,9.56,10,95.6,-1.84,19.2
10,1164,2395,9.29,10,92.9,-1.81,19.5
10,1168,2371,9.1,10,91,-1.79,19.7
10,1172,2344,8.8,10,88,-1.76,19.9
10,1176,2332,8.5,10,85,-1.71,20.2
10,1180,2306,8.3,10,83,-1.68,20.3
10,1184,2283,8.05,10,80.5,-1.65,20.5
10,1188,2271,7.71,10,77.1,-1.62,21.0
10,1192,2241,7.57,10,75.7,-1.59,21.0
10,1196,2219,7.3,10,73,-1.56,21.3
10,1200,2198,7.1,10,71,-1.54,21.7
10,1204,2177,6.82,10,68.2,-1.50,22.0
10,1208,2157,6.6,10,66,-1.47,22.3
10,1212,2129,6.48,10,64.8,-1.44,22.3
10,1216,2106,6.2,10,62,-1.41,22.8
10,1220,2094,6,10,60,-1.36,22.7
10,1224,2073,5.8,10,58,-1.33,22.9
10,1228,2046,5.6,10,56,-1.32,23.6
10,1232,2024,5.4,10,54,-1.29,23.9
10,1236,2005,5.2,10,52,-1.26,24.2
10,1240,1982,5,10,50,-1.22,24.4
10,1244,1957,4.84,10,48.4,-1.19,24.6
10,1248,1936,4.64,10,46.4,-1.17,25.1
10,1252,1907,4.5,10,45,-1.14,25.3
10,1256,1885,4.3,10,43,-1.10,25.5
10,1260,1864,4.1,10,41,-1.08,26.2
10,1264,1834,3.9,10,39,-1.06,27.1
10,1268,1816,3.73,10,37.3,-1.02,27.2
10,1272,1789,3.6,10,36,-0.99,27.5
10,1276,1762,3.5,10,35,-0.97,27.7
10,1280,1745,3.3,10,33,-0.93,28.2
10,1284,1717,3.2,10,32,-0.91,28.3
10,1288,1697,3,10,30,-0.88,29.3
10,1292,1671,2.9,10,29,-0.85,29.4
10,1296,1643,2.8,10,28,-0.83,29.5
10,1300,1615,2.6,10,26,-0.80,30.7
10,1304,1591,2.4,10,24,-0.78,32.5
10,1308,1562,2.3,10,23,-0.75,32.7
10,1312,1539,2.1,10,21,-0.72,34.3
10,1316,1516,2,10,20,-0.70,34.9
10,1320,1488,1.9,10,19,-0.67,35.3
10,1324,1461,1.8,10,18,-0.65,36.3
10,1328,1440,1.7,10,17,-0.63,37.1
10,1332,1411,1.6,10,16,-0.61,38.3
10,1336,1382,1.5,10,15,-0.58,38.7
10,1340,1347,1.4,10,14,-0.55,39.5
10,1344,1320,1.3,10,13,-0.53,40.8
10,1348,1294,1.2,10,12,-0.51,42.7
10,1352,1265,1.2,10,12,-0.49,40.4
10,1356,1239,1.1,10,11,-0.47,42.5
10,1360,1200,1,10,10,-0.44,44.5
10,1364,1174,0.9,10,9,-0.42,46.9
10,1368,1142,0.8,10,8,-0.40,49.9
10,1372,1114,0.8,10,8,-0.38,47.6
10,1376,1080,0.7,10,7,-0.35,50.5
10,1380,1048,0.7,10,7,-0.34,48.0
10,1384,1016,0.6,10,6,-0.31,52.2
10,1388,986,0.5,10,5,-0.29,59.0
10,1392,948,0.5,10,5,-0.28,55.3
10,1396,916,0.4,10,4,-0.25,62.4
10,1400,883,0.4,10,4,-0.24,59.0
10,1404,845,0.4,10,4,-0.21,53.3
10,1408,813,0.3,10,3,-0.20,66.5
10,1412,774,0.22,10,2.2,-0.18,82.5
10,1416,740,0.2,10,2,-0.16,81.6
10,1420,701,0.2,10,2,-0.15,77.1
10,1424,664,0.2,10,2,-0.14,68.0
10,1428,624,0.2,10,2,-0.12,59.0
10,1432,584,0.1,10,1,-0.10,99.8
10,1436,545,0.1,10,1,-0.09,86.2
10,1440,504,0.1,10,1,-0.07,72.6
10,1444,462,0.05,10,0.5,-0.06,127.0
10,1448,421,0.05,10,0.5,-0.05,108.9
10,1452,377,0.05,10,0.5,-0.05,90.7
10,1456,335,0.05,10,0.5,-0.03,63.5
10,1460,0,0,10,0,0.00,0.0
10,1464,0,0,10,0,0.00,0.0
10,1468,0,0,10,0,0.00,0.0
10,1472,0,0,10,0,0.00,0.0
10,1476,0,0,10,0,0.00,0.0
10,1480,0,0,10,0,0.00,0.0
10,1484,0,0,10,0,0.00,0.0
10,1488,0,0,10,0,0.00,0.0
10,1492,0,0,10,0,0.00,0.0
10,1496,0,0,10,0,0.00,0.0
10,1500,0,0,10,0,0.00,0.0
10,1504,0,0,10,0,0.00,0.0
10,1508,0,0,10,0,0.00,0.0
10,1512,0,0,10,0,0.00,0.0
10,1516,0,0,10,0,0.00,0.0
10,1520,0,0,10,0,0.00,0.0
10,1524,0,0,10,0,0.00,0.0
10,1528,0,0,10,0,0.00,0.0
10,1532,0,0,10,0,0.00,0.0
10,1536,0,0,10,0,0.00,0.0
10,1540,0,0,10,0,0.00,0.0
10,1544,332,0.05,10,0.5,0.04,81.6
10,1548,373,0.05,10,0.5,0.05,108.9
10,1552,417,0.05,10,0.5,0.07,136.1
10,1556,459,0.1,10,1,0.08,77.1
10,1560,500,0.1,10,1,0.09,90.7
10,1564,540,0.1,10,1,0.11,108.9
10,1568,582,0.1,10,1,0.13,127.0
10,1572,621,0.2,10,2,0.15,72.6
10,1576,657,0.2,10,2,0.16,81.6
10,1580,695,0.2,10,2,0.18,90.7
10,1584,733,0.2,10,2,0.20,102.1
10,1588,766,0.3,10,3,0.22,74.1
10,1592,805,0.3,10,3,0.24,81.6
10,1596,836,0.4,10,4,0.26,65.8
10,1600,873,0.4,10,4,0.29,72.6
10,1604,906,0.47,10,4.7,0.31,66.6
10,1608,938,0.5,10,5,0.34,67.1
10,1612,974,0.5,10,5,0.36,72.6
10,1616,1007,0.6,10,6,0.39,64.3
10,1620,1035,0.7,10,7,0.41,59.0
10,1624,1066,0.7,10,7,0.44,63.5
10,1628,1101,0.8,10,8,0.47,58.4
10,1632,1129,0.83,10,8.3,0.49,59.6
10,1636,1159,0.94,10,9.4,0.52,55.5
10,1640,1188,1,10,10,0.55,54.9
10,1644,1219,1.1,10,11,0.58,52.8
10,1648,1250,1.2,10,12,0.61,50.7
10,1652,1278,1.3,10,13,0.64,49.2
10,1656,1303,1.4,10,14,0.68,48.9
10,1660,1330,1.5,10,15,0.70,46.9
10,1664,1363,1.5,10,15,0.73,48.4
10,1668,1392,1.6,10,16,0.76,47.6
10,1672,1418,1.8,10,18,0.80,44.4
10,1676,1445,1.9,10,19,0.83,43.4
10,1680,1473,2,10,20,0.85,42.6
10,1684,1496,2.1,10,21,0.89,42.3
10,1688,1519,2.2,10,22,0.92,41.9
10,1692,1542,2.3,10,23,0.95,41.2
10,1696,1571,2.43,10,24.3,0.98,40.1
10,1700,1596,2.7,10,27,0.97,36.0
10,1704,1622,2.8,10,28,1.05,37.4
10,1708,1650,2.9,10,29,1.08,37.1
10,1712,1674,3.1,10,31,1.11,35.8
10,1716,1696,3.3,10,33,1.17,35.3
10,1720,1720,3.4,10,34,1.18,34.8
10,1724,1747,3.5,10,35,1.21,34.5
10,1728,1765,3.7,10,37,1.24,33.5
10,1732,1793,3.84,10,38.4,1.27,33.2
10,1736,1819,4,10,40,1.31,32.8
10,1740,1833,4.2,10,42,1.36,32.3
10,1744,1860,4.4,10,44,1.41,32.1
10,1748,1889,4.5,10,45,1.43,31.8
10,1752,1911,4.7,10,47,1.48,31.5
10,1756,1933,4.9,10,49,1.52,31.1
10,1760,1962,5.1,10,51,1.55,30.3
10,1764,1984,5.3,10,53,1.58,29.8
10,1768,2004,5.5,10,55,1.62,29.5
10,1772,2027,5.7,10,57,1.66,29.0
10,1776,2052,5.9,10,59,1.69,28.7
10,1780,2075,6.09,10,60.9,1.73,28.4
10,1784,2093,6.3,10,63,1.77,28.2
10,1788,2118,6.5,10,65,1.80,27.7
10,1792,2140,6.73,10,67.3,1.85,27.4
10,1796,2160,6.9,10,69,1.88,27.2
10,1800,2179,7.13,10,71.3,1.91,26.8
10,1804,2200,7.4,10,74,1.99,26.9
10,1808,2225,7.6,10,76,2.00,26.3
10,1812,2245,7.9,10,79,2.06,26.1
10,1816,2273,8.1,10,81,2.09,25.8
10,1820,2293,8.33,10,83.3,2.12,25.5
10,1824,2307,8.64,10,86.4,2.17,25.1
10,1828,2333,8.89,10,88.9,2.21,24.9
10,1832,2353,9.14,10,91.4,2.27,24.9
10,1836,2378,9.4,10,94,2.30,24.5
10,1840,2398,9.7,10,97,2.36,24.4
10,1844,2410,10,10,100,2.41,24.1
10,1848,2436,10.2,10,102,2.45,24.1
10,1852,2453,10.5,10,105,2.48,23.6
10,1856,2481,10.79,10,107.9,2.55,23.7
10,1860,2499,11.04,10,110.4,2.58,23.4
10,1864,2522,11.35,10,113.5,2.62,23.1
10,1868,2543,11.6,10,116,2.65,22.8
10,1872,2558,11.9,10,119,2.69,22.6
10,1876,2575,12.28,10,122.8,2.74,22.3
10,1880,2602,12.44,10,124.4,2.77,22.3
10,1884,2613,12.8,10,128,2.82,22.0
10,1888,2633,13.13,10,131.3,2.88,21.9
10,1892,2657,13.4,10,134,2.89,21.6
10,1896,2665,13.62,10,136.2,2.92,21.4
10,1900,2668,13.6,10,136,2.93,21.5
12,1100,2976,17.03,12,204.4,-2.90,14.2
12,1104,2969,17.08,12,205.0,-2.92,14.2
12,1108,2971,16.76,12,201.1,-2.89,14.4
12,1112,2933,16.52,12,198.2,-2.83,14.3
12,1116,2916,16.08,12,193.0,-2.79,14.4
12,1120,2898,15.69,12,188.3,-2.76,14.7
12,1124,2874,15.31,12,183.7,-2.72,14.8
12,1128,2852,15,12,180.0,-2.67,14.8
12,1132,2841,14.51,12,174.1,-2.60,14.9
12,1136,2817,14.17,12,170.0,-2.59,15.3
12,1140,2792,13.82,12,165.8,-2.56,15.5
12,1144,2773,13.46,12,161.5,-2.49,15.4
12,1148,2755,13.08,12,157.0,-2.44,15.5
12,1152,2728,12.8,12,153.6,-2.43,15.8
12,1156,2714,12.4,12,148.8,-2.39,16.0
12,1160,2689,12,12,144.0,-2.34,16.3
12,1164,2676,11.66,12,139.9,-2.30,16.5
12,1168,2654,11.31,12,135.7,-2.25,16.6
12,1172,2615,11.1,12,133.2,-2.23,16.7
12,1176,2610,10.74,12,128.9,-2.18,16.9
12,1180,2576,10.5,12,126.0,-2.14,17.0
12,1184,2560,10.11,12,121.3,-2.10,17.3
12,1188,2533,9.84,12,118.1,-2.07,17.5
12,1192,2510,9.5,12,114.0,-2.01,17.6
12,1196,2482,9.2,12,110.4,-1.98,18.0
12,1200,2457,8.9,12,106.8,-1.95,18.2
12,1204,2443,8.6,12,103.2,-1.88,18.2
12,1208,2412,8.3,12,99.6,-1.85,18.5
12,1212,2383,8,12,96.0,-1.81,18.8
12,1216,2365,7.7,12,92.4,-1.78,19.2
12,1220,2335,7.4,12,88.8,-1.73,19.5
12,1224,2318,7.1,12,85.2,-1.66,19.5
12,1228,2284,6.9,12,82.8,-1.65,19.9
12,1232,2260,6.6,12,79.2,-1.61,20.3
12,1236,2231,6.4,12,76.8,-1.56,20.3
12,1240,2208,6.2,12,74.4,-1.53,20.6
12,1244,2189,5.99,12,71.9,-1.49,20.8
12,1248,2159,5.77,12,69.2,-1.47,21.2
12,1252,2140,5.5,12,66.0,-1.44,21.8
12,1256,2106,5.32,12,63.8,-1.40,21.9
12,1260,2082,5.17,12,62.0,-1.37,22.1
12,1264,2057,4.9,12,58.8,-1.33,22.7
12,1268,2038,4.7,12,56.4,-1.29,22.9
12,1272,2006,4.56,12,54.7,-1.28,23.4
12,1276,1982,4.3,12,51.6,-1.22,23.6
12,1280,1955,4.1,12,49.2,-1.19,24.2
12,1284,1925,3.9,12,46.8,-1.15,24.6
12,1288,1898,3.73,12,44.8,-1.12,24.9
12,1292,1869,3.6,12,43.2,-1.08,25.1
12,1296,1846,3.4,12,40.8,-1.04,25.6
12,1300,1815,3.3,12,39.6,-1.02,25.8
12,1304,1788,3.1,12,37.2,-0.99,26.7
12,1308,1763,2.98,12,35.8,-0.96,26.9
12,1312,1737,2.8,12,33.6,-0.93,27.7
12,1316,1708,2.7,12,32.4,-0.90,27.9
12,1320,1681,2.41,12,28.9,-0.87,30.1
12,1324,1651,2.3,12,27.6,-0.83,30.2
12,1328,1620,2.1,12,25.2,-0.79,31.5
12,1332,1588,2,12,24.0,-0.77,32.1
12,1336,1557,1.9,12,22.8,-0.74,32.4
12,1340,1529,1.8,12,21.6,-0.72,33.4
12,1344,1504,1.7,12,20.4,-0.69,34.0
12,1348,1470,1.6,12,19.2,-0.66,34.3
12,1352,1439,1.5,12,18.0,-0.64,35.5
12,1356,1411,1.31,12,15.7,-0.60,38.4
12,1360,1375,1.3,12,15.6,-0.57,36.6
12,1364,1338,1.2,12,14.4,-0.54,37.8
12,1368,1309,1.1,12,13.2,-0.52,39.2
12,1372,1276,1,12,12.0,-0.49,41.2
12,1376,1246,0.9,12,10.8,-0.47,43.7
12,1380,1211,0.8,12,9.6,-0.44,45.8
12,1384,1169,0.8,12,9.6,-0.42,43.5
12,1388,1134,0.7,12,8.4,-0.39,46.4
12,1392,1099,0.6,12,7.2,-0.37,51.0
12,1396,1057,0.5,12,6.0,-0.34,56.7
12,1400,1023,0.5,12,6.0,-0.32,52.9
12,1404,986,0.41,12,4.9,-0.29,59.9
12,1408,944,0.4,12,4.8,-0.27,55.8
12,1412,903,0.4,12,4.8,-0.24,51.0
12,1416,865,0.3,12,3.6,-0.23,63.0
12,1420,820,0.29,12,3.5,-0.20,58.7
12,1424,777,0.2,12,2.4,-0.18,73.7
12,1428,737,0.2,12,2.4,-0.16,68.0
12,1432,690,0.2,12,2.4,-0.15,60.5
12,1436,643,0.1,12,1.2,-0.12,102.1
12,1440,597,0.1,12,1.2,-0.11,90.7
12,1444,549,0.1,12,1.2,-0.09,75.6
12,1448,499,0.05,12,0.6,-0.07,121.0
12,1452,448,0.05,12,0.6,-0.06,98.3
12,1456,400,0.05,12,0.6,-0.05,75.6
12,1460,346,0.05,12,0.6,-0.04,60.5
12,1464,0,0,12,0.0,0.00,0.0
12,1468,0,0,12,0.0,0.00,0.0
12,1472,0,0,12,0.0,0.00,0.0
12,1476,0,0,12,0.0,0.00,0.0
12,1480,0,0,12,0.0,0.00,0.0
12,1484,0,0,12,0.0,0.00,0.0
12,1488,0,0,12,0.0,0.00,0.0
12,1492,0,0,12,0.0,0.00,0.0
12,1496,0,0,12,0.0,0.00,0.0
12,1500,0,0,12,0.0,0.00,0.0
12,1504,0,0,12,0.0,0.00,0.0
12,1508,0,0,12,0.0,0.00,0.0
12,1512,0,0,12,0.0,0.00,0.0
12,1516,0,0,12,0.0,0.00,0.0
12,1520,0,0,12,0.0,0.00,0.0
12,1524,0,0,12,0.0,0.00,0.0
12,1528,0,0,12,0.0,0.00,0.0
12,1532,0,0,12,0.0,0.00,0.0
12,1536,0,0,12,0.0,0.00,0.0
12,1540,342,0.05,12,0.6,0.04,68.0
12,1544,395,0.05,12,0.6,0.05,90.7
12,1548,444,0.05,12,0.6,0.07,121.0
12,1552,494,0.1,12,1.2,0.10,79.4
12,1556,542,0.1,12,1.2,0.11,94.5
12,1560,592,0.1,12,1.2,0.13,109.6
12,1564,634,0.1,12,1.2,0.15,128.5
12,1568,680,0.2,12,2.4,0.18,73.7
12,1572,726,0.2,12,2.4,0.20,83.2
12,1576,768,0.2,12,2.4,0.22,92.6
12,1580,812,0.3,12,3.6,0.25,70.6
12,1584,851,0.3,12,3.6,0.28,76.9
12,1588,892,0.4,12,4.8,0.31,64.3
12,1592,931,0.4,12,4.8,0.33,69.0
12,1596,971,0.5,12,6.0,0.37,61.2
12,1600,1009,0.5,12,6.0,0.39,65.8
12,1604,1044,0.6,12,7.2,0.43,59.2
12,1608,1084,0.7,12,8.4,0.46,54.5
12,1612,1121,0.7,12,8.4,0.49,58.3
12,1616,1152,0.8,12,9.6,0.52,53.9
12,1620,1186,0.8,12,9.6,0.55,57.2
12,1624,1227,1,12,12.0,0.59,49.1
12,1628,1263,1,12,12.0,0.63,52.2
12,1632,1291,1.1,12,13.2,0.65,49.5
12,1636,1322,1.2,12,14.4,0.68,47.6
12,1640,1354,1.3,12,15.6,0.71,45.6
12,1644,1385,1.4,12,16.8,0.76,45.1
12,1648,1424,1.5,12,18.0,0.79,43.8
12,1652,1453,1.6,12,19.2,0.83,43.2
12,1656,1485,1.7,12,20.4,0.86,42.0
12,1660,1515,1.8,12,21.6,0.89,41.4
12,1664,1539,2,12,24.0,0.93,38.7
12,1668,1567,2.1,12,25.2,0.97,38.3
12,1672,1599,2.2,12,26.4,1.00,38.0
12,1676,1632,2.3,12,27.6,1.04,37.6
12,1680,1653,2.5,12,30.0,1.08,36.1
12,1684,1686,2.8,12,33.6,1.14,33.9
12,1688,1716,2.9,12,34.8,1.16,33.4
12,1692,1741,3,12,36.0,1.20,33.3
12,1696,1769,3.2,12,38.4,1.23,32.1
12,1700,1796,3.3,12,39.6,1.28,32.3
12,1704,1824,3.5,12,42.0,1.31,31.2
12,1708,1854,3.67,12,44.0,1.35,30.7
12,1712,1880,3.8,12,45.6,1.40,30.7
12,1716,1911,4,12,48.0,1.43,29.9
12,1720,1931,4.2,12,50.4,1.48,29.4
12,1724,1964,4.4,12,52.8,1.53,29.0
12,1728,1996,4.6,12,55.2,1.56,28.3
12,1732,2017,4.8,12,57.6,1.63,28.3
12,1736,2046,5,12,60.0,1.67,27.9
12,1740,2070,5.2,12,62.4,1.71,27.4
12,1744,2083,5.4,12,64.8,1.77,27.3
12,1748,2118,5.69,12,68.3,1.82,26.6
12,1752,2143,5.8,12,69.6,1.85,26.5
12,1756,2169,6,12,72.0,1.91,26.5
12,1760,2190,6.3,12,75.6,1.92,25.4
12,1764,2229,6.5,12,78.0,1.96,25.2
12,1768,2244,6.7,12,80.4,2.03,25.3
12,1772,2269,7,12,84.0,2.09,24.8
12,1776,2304,7.2,12,86.4,2.13,24.7
12,1780,2330,7.5,12,90.0,2.18,24.2
12,1784,2345,7.8,12,93.6,2.24,23.9
12,1788,2391,8,12,96.0,2.27,23.7
12,1792,2411,8.32,12,99.8,2.33,23.4
12,1796,2432,8.64,12,103.7,2.40,23.1
12,1800,2456,8.9,12,106.8,2.46,23.1
12,1804,2482,9.24,12,110.9,2.51,22.6
12,1808,2508,9.5,12,114.0,2.56,22.5
12,1812,2535,9.82,12,117.8,2.62,22.2
12,1816,2562,10.14,12,121.7,2.65,21.8
12,1820,2585,10.45,12,125.4,2.71,21.6
12,1824,2613,10.72,12,128.6,2.78,21.6
12,1828,2620,11.1,12,133.2,2.84,21.4
12,1832,2661,11.32,12,135.8,2.87,21.1
12,1836,2681,11.62,12,139.4,2.93,21.0
12,1840,2698,12.01,12,144.1,3.01,20.9
12,1844,2721,12.37,12,148.4,3.04,20.5
12,1848,2751,12.61,12,151.3,3.08,20.4
12,1852,2773,13.04,12,156.5,3.16,20.2
12,1856,2782,13.44,12,161.3,3.23,20.0
12,1860,2808,13.7,12,164.4,3.26,19.8
12,1864,2835,14.11,12,169.3,3.32,19.6
12,1868,2859,14.4,12,172.8,3.38,19.6
12,1872,2879,14.76,12,177.1,3.40,19.2
12,1876,2904,15.13,12,181.6,3.45,19.0
12,1880,2923,15.52,12,186.2,3.50,18.8
12,1884,2937,15.87,12,190.4,3.57,18.7
12,1888,2962,16.3,12,195.6,3.64,18.6
12,1892,2976,16.74,12,200.9,3.71,18.4
12,1896,2994,16.86,12,202.3,3.69,18.2
12,1900,2995,16.91,12,202.9,3.71,18.3
14,1100,3233,20.71,14,289.9,-3.52,12.1
14,1104,3244,20.63,14,288.8,-3.50,12.1
14,1108,3206,20.47,14,286.6,-3.49,12.2
14,1112,3202,19.9,14,278.6,-3.45,12.4
14,1116,3174,19.45,14,272.3,-3.40,12.5
14,1120,3160,18.96,14,265.4,-3.36,12.6
14,1124,3143,18.39,14,257.5,-3.29,12.8
14,1128,3121,18,14,252.0,-3.25,12.9
14,1132,3107,17.37,14,243.2,-3.19,13.1
14,1136,3071,16.96,14,237.4,-3.14,13.2
14,1140,3049,16.54,14,231.6,-3.10,13.4
14,1144,3025,16.04,14,224.6,-3.06,13.6
14,1148,3004,15.64,14,219.0,-3.00,13.7
14,1152,2979,15.19,14,212.7,-2.94,13.8
14,1156,2954,14.71,14,205.9,-2.88,14.0
14,1160,2937,14.33,14,200.6,-2.85,14.2
14,1164,2914,13.93,14,195.0,-2.78,14.3
14,1168,2883,13.57,14,190.0,-2.76,14.5
14,1172,2861,13.1,14,183.4,-2.69,14.7
14,1176,2847,12.7,14,177.8,-2.64,14.9
14,1180,2815,12.4,14,173.6,-2.59,14.9
14,1184,2802,11.9,14,166.6,-2.53,15.2
14,1188,2776,11.6,14,162.4,-2.49,15.3
14,1192,2740,11.3,14,158.2,-2.45,15.5
14,1196,2705,11,14,154.0,-2.41,15.6
14,1200,2697,10.6,14,148.4,-2.35,15.8
14,1204,2659,10.36,14,145.0,-2.34,16.1
14,1208,2658,9.93,14,139.0,-2.26,16.2
14,1212,2619,9.67,14,135.4,-2.20,16.3
14,1216,2598,9.33,14,130.6,-2.18,16.7
14,1220,2566,9,14,126.0,-2.12,16.8
14,1224,2543,8.7,14,121.8,-2.05,16.9
14,1228,2504,8.4,14,117.6,-2.03,17.2
14,1232,2482,8,14,112.0,-1.99,17.7
14,1236,2452,7.7,14,107.8,-1.91,17.7
14,1240,2418,7.4,14,103.6,-1.89,18.3
14,1244,2405,7.04,14,98.6,-1.82,18.5
14,1248,2366,6.8,14,95.2,-1.76,18.5
14,1252,2331,6.5,14,91.0,-1.72,18.9
14,1256,2302,6.29,14,88.1,-1.68,19.1
14,1260,2271,6,14,84.0,-1.63,19.4
14,1264,2246,5.77,14,80.8,-1.58,19.5
14,1268,2221,5.5,14,77.0,-1.56,20.3
14,1272,2194,5.34,14,74.8,-1.52,20.3
14,1276,2171,5.1,14,71.4,-1.48,20.7
14,1280,2139,4.9,14,68.6,-1.44,21.0
14,1284,2116,4.7,14,65.8,-1.40,21.3
14,1288,2081,4.5,14,63.0,-1.37,21.7
14,1292,2056,4.29,14,60.1,-1.32,22.1
14,1296,2023,4.1,14,57.4,-1.28,22.4
14,1300,1995,3.9,14,54.6,-1.24,22.7
14,1304,1959,3.7,14,51.8,-1.19,23.0
14,1308,1930,3.5,14,49.0,-1.17,23.8
14,1312,1896,3.3,14,46.2,-1.12,24.3
14,1316,1873,3.2,14,44.8,-1.09,24.3
14,1320,1838,3,14,42.0,-1.05,25.1
14,1324,1813,2.9,14,40.6,-1.02,25.0
14,1328,1785,2.7,14,37.8,-0.98,26.0
14,1332,1754,2.5,14,35.0,-0.95,27.2
14,1336,1724,2.3,14,32.2,-0.92,28.5
14,1340,1689,2.2,14,30.8,-0.88,28.7
14,1344,1659,2,14,28.0,-0.85,30.3
14,1348,1625,1.9,14,26.6,-0.81,30.4
14,1352,1590,1.7,14,23.8,-0.77,32.2
14,1356,1552,1.6,14,22.4,-0.74,33.0
14,1360,1523,1.5,14,21.0,-0.70,33.5
14,1364,1487,1.4,14,19.6,-0.68,34.7
14,1368,1455,1.3,14,18.2,-0.65,35.6
14,1372,1421,1.2,14,16.8,-0.62,37.0
14,1376,1375,1.1,14,15.4,-0.59,38.0
14,1380,1341,1,14,14.0,-0.55,39.2
14,1384,1307,0.9,14,12.6,-0.52,41.0
14,1388,1268,0.8,14,11.2,-0.49,43.7
14,1392,1233,0.8,14,11.2,-0.46,41.3
14,1396,1188,0.7,14,9.8,-0.43,43.5
14,1400,1150,0.6,14,8.4,-0.40,47.5
14,1404,1106,0.5,14,7.0,-0.37,53.1
14,1408,1064,0.5,14,7.0,-0.35,49.9
14,1412,1018,0.4,14,5.6,-0.32,56.7
14,1416,974,0.4,14,5.6,-0.29,51.0
14,1420,929,0.3,14,4.2,-0.26,61.6
14,1424,886,0.3,14,4.2,-0.24,56.2
14,1428,834,0.2,14,2.8,-0.21,74.5
14,1432,786,0.2,14,2.8,-0.19,66.4
14,1436,735,0.2,14,2.8,-0.16,58.3
14,1440,683,0.11,14,1.5,-0.15,94.3
14,1444,628,0.1,14,1.4,-0.12,87.5
14,1448,575,0.1,14,1.4,-0.10,71.3
14,1452,518,0.05,14,0.7,-0.08,116.6
14,1456,463,0.05,14,0.7,-0.07,97.2
14,1460,400,0.05,14,0.7,-0.05,64.8
14,1464,342,0.05,14,0.7,-0.03,45.4
14,1468,0,0,14,0.0,0.00,0.0
14,1472,0,0,14,0.0,0.00,0.0
14,1476,0,0,14,0.0,0.00,0.0
14,1480,0,0,14,0.0,0.00,0.0
14,1484,0,0,14,0.0,0.00,0.0
14,1488,0,0,14,0.0,0.00,0.0
14,1492,0,0,14,0.0,0.00,0.0
14,1496,0,0,14,0.0,0.00,0.0
14,1500,0,0,14,0.0,0.00,0.0
14,1504,0,0,14,0.0,0.00,0.0
14,1508,0,0,14,0.0,0.00,0.0
14,1512,0,0,14,0.0,0.00,0.0
14,1516,0,0,14,0.0,0.00,0.0
14,1520,0,0,14,0.0,0.00,0.0
14,1524,0,0,14,0.0,0.00,0.0
14,1528,0,0,14,0.0,0.00,0.0
14,1532,0,0,14,0.0,0.00,0.0
14,1536,344,0.05,14,0.7,0.05,64.8
14,1540,399,0.05,14,0.7,0.06,90.7
14,1544,461,0.05,14,0.7,0.08,116.6
14,1548,515,0.01,14,1.4,0.10,71.4
14,1552,573,0.1,14,1.4,0.12,87.5
14,1556,626,0.1,14,1.4,0.15,103.7
14,1560,675,0.13,14,1.8,0.18,97.2
14,1564,731,0.2,14,2.8,0.20,71.3
14,1568,777,0.2,14,2.8,0.23,81.0
14,1572,824,0.2,14,2.8,0.26,94.0
14,1576,876,0.3,14,4.2,0.29,69.1
14,1580,917,0.4,14,5.6,0.33,58.3
14,1584,967,0.4,14,5.6,0.36,64.8
14,1588,1007,0.44,14,6.2,0.39,64.1
14,1592,1048,0.5,14,7.0,0.43,60.9
14,1596,1092,0.6,14,8.4,0.46,55.1
14,1600,1136,0.7,14,9.8,0.50,50.9
14,1604,1169,0.7,14,9.8,0.53,54.2
14,1608,1214,0.8,14,11.2,0.58,51.4
14,1612,1252,0.9,14,12.6,0.62,49.3
14,1616,1287,1,14,14.0,0.64,46.0
14,1620,1322,1,14,14.0,0.69,49.2
14,1624,1354,1.18,14,16.5,0.73,43.9
14,1628,1397,1.3,14,18.2,0.77,42.1
14,1632,1432,1.34,14,18.8,0.83,44.0
14,1636,1470,1.5,14,21.0,0.85,40.4
14,1640,1499,1.6,14,22.4,0.89,39.7
14,1644,1532,1.7,14,23.8,0.92,38.7
14,1648,1562,1.8,14,25.2,0.97,38.3
14,1652,1597,1.9,14,26.6,1.00,37.5
14,1656,1628,2.1,14,29.4,1.05,35.8
14,1660,1669,2.2,14,30.8,1.09,35.5
14,1664,1700,2.3,14,32.2,1.14,35.5
14,1668,1731,2.56,14,35.8,1.20,33.5
14,1672,1761,2.8,14,39.2,1.23,31.5
14,1676,1793,2.9,14,40.6,1.28,31.5
14,1680,1817,3.1,14,43.4,1.32,30.5
14,1684,1849,3.2,14,44.8,1.37,30.5
14,1688,1878,3.4,14,47.6,1.41,29.5
14,1692,1912,3.57,14,50.0,1.46,29.2
14,1696,1934,3.7,14,51.8,1.51,29.2
14,1700,1967,3.9,14,54.6,1.55,28.4
14,1704,1999,4.1,14,57.4,1.61,28.0
14,1708,2032,4.31,14,60.3,1.65,27.4
14,1712,2064,4.51,14,63.1,1.71,27.1
14,1716,2085,4.79,14,67.1,1.76,26.2
14,1720,2114,5,14,70.0,1.81,25.9
14,1724,2145,5.2,14,72.8,1.85,25.4
14,1728,2175,5.4,14,75.6,1.91,25.3
14,1732,2201,5.6,14,78.4,1.96,25.1
14,1736,2228,5.8,14,81.2,2.00,24.7
14,1740,2245,6.1,14,85.4,2.09,24.4
14,1744,2285,6.3,14,88.2,2.12,24.0
14,1748,2312,6.57,14,92.0,2.16,23.5
14,1752,2337,6.8,14,95.2,2.25,23.6
14,1756,2375,7.1,14,99.4,2.27,22.8
14,1760,2411,7.4,14,103.6,2.34,22.6
14,1764,2437,7.74,14,108.4,2.43,22.4
14,1768,2464,8.09,14,113.3,2.50,22.1
14,1772,2498,8.4,14,117.6,2.56,21.8
14,1776,2539,8.7,14,121.8,2.64,21.6
14,1780,2583,8.95,14,125.3,2.66,21.2
14,1784,2592,9.39,14,131.5,2.76,21.0
14,1788,2617,9.6,14,134.4,2.78,20.7
14,1792,2652,10,14,140.0,2.88,20.6
14,1796,2659,10.3,14,144.2,2.93,20.4
14,1800,2693,10.6,14,148.4,2.99,20.2
14,1804,2714,10.86,14,152.0,3.05,20.0
14,1808,2751,11.29,14,158.1,3.13,19.8
14,1812,2773,11.57,14,162.0,3.19,19.7
14,1816,2795,11.9,14,166.6,3.23,19.4
14,1820,2815,12.3,14,172.2,3.32,19.3
14,1824,2855,12.6,14,176.4,3.36,19.1
14,1828,2878,12.95,14,181.3,3.42,18.9
14,1832,2901,13.37,14,187.2,3.49,18.7
14,1836,2926,13.72,14,192.1,3.57,18.6
14,1840,2957,14.14,14,198.0,3.62,18.3
14,1844,2984,14.5,14,203.0,3.69,18.2
14,1848,3011,14.96,14,209.4,3.77,18.0
14,1852,3035,15.36,14,215.0,3.84,17.8
14,1856,3048,15.89,14,222.5,3.92,17.6
14,1860,3087,16.24,14,227.4,3.98,17.5
14,1864,3114,16.72,14,234.1,4.03,17.2
14,1868,3139,17.18,14,240.5,4.11,17.1
14,1872,3159,17.65,14,247.1,4.15,16.8
14,1876,3183,18.08,14,253.1,4.21,16.6
14,1880,3195,18.63,14,260.8,4.30,16.5
14,1884,3218,19.08,14,267.1,4.38,16.4
14,1888,3243,19.56,14,273.8,4.42,16.2
14,1892,3263,20.07,14,281.0,4.51,16.0
14,1896,3288,20.29,14,284.1,4.53,15.9
14,1900,3279,20.36,14,285.0,4.52,15.9
16,1100,3465,24.30,16,388.8,-4.07,10.5
16,1104,3468,24.3,16,388.8,-4.05,10.4
16,1108,3449,23.78,16,380.5,-4.02,10.6
16,1112,3421,23.25,16,372.0,-3.96,10.7
16,1116,3410,22.64,16,362.2,-3.90,10.8
16,1120,3395,22.07,16,353.1,-3.87,11.0
16,1124,3374,21.46,16,343.4,-3.82,11.1
16,1128,3356,20.98,16,335.7,-3.80,11.3
16,1132,3323,20.44,16,327.0,-3.75,11.5
16,1136,3307,19.9,16,318.4,-3.71,11.7
16,1140,3282,19.32,16,309.1,-3.66,11.8
16,1144,3248,18.74,16,299.8,-3.59,12.0
16,1148,3223,18.11,16,289.8,-3.52,12.1
16,1152,3207,17.53,16,280.5,-3.45,12.3
16,1156,3177,17,16,272.0,-3.40,12.5
16,1160,3153,16.45,16,263.2,-3.31,12.6
16,1164,3111,15.96,16,255.4,-3.25,12.7
16,1168,3086,15.48,16,247.7,-3.20,12.9
16,1172,3061,14.98,16,239.7,-3.11,13.0
16,1176,3050,14.43,16,230.9,-3.04,13.2
16,1180,3003,14.04,16,224.6,-2.99,13.3
16,1184,2988,13.55,16,216.8,-2.94,13.6
16,1188,2952,13.1,16,209.6,-2.86,13.7
16,1192,2918,12.74,16,203.8,-2.82,13.8
16,1196,2896,12.3,16,196.8,-2.77,14.1
16,1200,2865,11.93,16,190.9,-2.71,14.2
16,1204,2845,11.59,16,185.4,-2.66,14.3
16,1208,2821,11.2,16,179.2,-2.58,14.4
16,1212,2792,10.8,16,172.8,-2.55,14.8
16,1216,2759,10.5,16,168.0,-2.51,14.9
16,1220,2736,10.27,16,164.3,-2.45,14.9
16,1224,2712,9.9,16,158.4,-2.38,15.0
16,1228,2681,9.5,16,152.0,-2.35,15.5
16,1232,2661,9.2,16,147.2,-2.28,15.5
16,1236,2629,8.9,16,142.4,-2.24,15.7
16,1240,2599,8.6,16,137.6,-2.20,16.0
16,1244,2576,8.2,16,131.2,-2.12,16.1
16,1248,2548,7.9,16,126.4,-2.08,16.5
16,1252,2517,7.57,16,121.1,-2.02,16.7
16,1256,2482,7.19,16,115.0,-1.98,17.2
16,1260,2440,6.89,16,110.2,-1.94,17.6
16,1264,2419,6.53,16,104.5,-1.86,17.8
16,1268,2369,6.29,16,100.6,-1.81,18.0
16,1272,2345,6,16,96.0,-1.76,18.4
16,1276,2306,5.75,16,92.0,-1.70,18.5
16,1280,2278,5.5,16,88.0,-1.67,19.0
16,1284,2248,5.3,16,84.8,-1.61,19.0
16,1288,2222,5,16,80.0,-1.56,19.4
16,1292,2199,4.8,16,76.8,-1.51,19.7
16,1296,2157,4.6,16,73.6,-1.49,20.2
16,1300,2140,4.4,16,70.4,-1.44,20.4
16,1304,2106,4.2,16,67.2,-1.40,20.8
16,1308,2081,3.98,16,63.7,-1.35,21.2
16,1312,2040,3.7,16,59.2,-1.30,22.0
16,1316,2001,3.58,16,57.3,-1.26,21.9
16,1320,1968,3.39,16,54.2,-1.20,22.2
16,1324,1936,3.2,16,51.2,-1.16,22.7
16,1328,1903,3,16,48.0,-1.12,23.3
16,1332,1870,2.84,16,45.4,-1.10,24.3
16,1336,1840,2.7,16,43.2,-1.05,24.4
16,1340,1807,2.4,16,38.4,-1.02,26.6
16,1344,1773,2.3,16,36.8,-0.98,26.6
16,1348,1738,2.1,16,33.6,-0.94,28.1
16,1352,1705,2,16,32.0,-0.90,28.2
16,1356,1667,1.9,16,30.4,-0.87,28.6
16,1360,1630,1.7,16,27.2,-0.82,30.2
16,1364,1589,1.6,16,25.6,-0.78,30.7
16,1368,1554,1.5,16,24.0,-0.74,31.0
16,1372,1519,1.4,16,22.4,-0.72,32.0
16,1376,1482,1.3,16,20.8,-0.68,32.7
16,1380,1448,1.2,16,19.2,-0.65,33.8
16,1384,1410,1.1,16,17.6,-0.62,35.1
16,1388,1362,1,16,16.0,-0.58,36.3
16,1392,1325,0.9,16,14.4,-0.54,37.5
16,1396,1285,0.8,16,12.8,-0.51,40.0
16,1400,1246,0.7,16,11.2,-0.48,42.9
16,1404,1199,0.66,16,10.6,-0.44,42.1
16,1408,1153,0.56,16,9.0,-0.42,46.6
16,1412,1113,0.5,16,8.0,-0.39,48.2
16,1416,1064,0.4,16,6.4,-0.35,55.3
16,1420,1016,0.4,16,6.4,-0.32,50.3
16,1424,970,0.37,16,5.9,-0.29,49.8
16,1428,916,0.3,16,4.8,-0.26,53.9
16,1432,869,0.2,16,3.2,-0.24,73.7
16,1436,810,0.2,16,3.2,-0.21,65.2
16,1440,758,0.2,16,3.2,-0.18,56.7
16,1444,697,0.1,16,1.6,-0.15,93.6
16,1448,641,0.1,16,1.6,-0.13,79.4
16,1452,578,0.1,16,1.6,-0.10,65.2
16,1456,513,0.05,16,0.8,-0.09,107.7
16,1460,450,0.05,16,0.8,-0.07,85.0
16,1464,388,0.05,16,0.8,-0.05,62.4
16,1468,317,0.05,16,0.8,-0.04,45.4
16,1472,0,0,16,0.0,0.00,0.0
16,1476,0,0,16,0.0,0.00,0.0
16,1480,0,0,16,0.0,0.00,0.0
16,1484,0,0,16,0.0,0.00,0.0
16,1488,0,0,16,0.0,0.00,0.0
16,1492,0,0,16,0.0,0.00,0.0
16,1496,0,0,16,0.0,0.00,0.0
16,1500,0,0,16,0.0,0.00,0.0
16,1504,0,0,16,0.0,0.00,0.0
16,1508,0,0,16,0.0,0.00,0.0
16,1512,0,0,16,0.0,0.00,0.0
16,1516,0,0,16,0.0,0.00,0.0
16,1520,0,0,16,0.0,0.00,0.0
16,1524,0,0,16,0.0,0.00,0.0
16,1528,0,0,16,0.0,0.00,0.0
16,1532,308,0.05,16,0.8,0.04,51.0
16,1536,375,0.05,16,0.8,0.05,68.0
16,1540,441,0.05,16,0.8,0.08,96.4
16,1544,508,0.05,16,0.8,0.10,124.7
16,1548,573,0.1,16,1.6,0.13,79.4
16,1552,630,0.1,16,1.6,0.15,96.4
16,1556,688,0.1,16,1.6,0.18,113.4
16,1560,749,0.2,16,3.2,0.22,68.0
16,1564,804,0.2,16,3.2,0.25,78.0
16,1568,859,0.2,16,3.2,0.29,90.7
16,1572,906,0.3,16,4.8,0.32,67.1
16,1576,962,0.4,16,6.4,0.36,56.0
16,1580,1007,0.4,16,6.4,0.40,62.4
16,1584,1057,0.5,16,8.0,0.44,54.4
16,1588,1104,0.5,16,8.0,0.47,59.0
16,1592,1148,0.6,16,9.6,0.51,53.4
16,1596,1195,0.7,16,11.2,0.56,49.8
16,1600,1237,0.8,16,12.8,0.60,47.1
16,1604,1279,0.8,16,12.8,0.64,50.0
16,1608,1319,0.9,16,14.4,0.68,47.2
16,1612,1359,1,16,16.0,0.72,45.1
16,1616,1409,1.1,16,17.6,0.78,44.1
16,1620,1444,1.2,16,19.2,0.82,42.5
16,1624,1480,1.3,16,20.8,0.87,41.9
16,1628,1516,1.45,16,23.2,0.91,39.1
16,1632,1549,1.5,16,24.0,0.95,39.5
16,1636,1583,1.6,16,25.6,0.99,38.8
16,1640,1629,1.8,16,28.8,1.03,35.9
16,1644,1668,2,16,32.0,1.10,34.3
16,1648,1699,2.1,16,33.6,1.14,34.0
16,1652,1740,2.2,16,35.2,1.18,33.6
16,1656,1766,2.4,16,38.4,1.24,32.2
16,1660,1802,2.6,16,41.6,1.28,30.7
16,1664,1835,2.8,16,44.8,1.33,29.7
16,1668,1865,2.9,16,46.4,1.39,29.9
16,1672,1901,3.1,16,49.6,1.44,29.0
16,1676,1930,3.3,16,52.8,1.48,28.1
16,1680,1961,3.5,16,56.0,1.54,27.5
16,1684,1994,3.7,16,59.2,1.59,26.8
16,1688,2031,3.9,16,62.4,1.65,26.5
16,1692,2071,4.1,16,65.6,1.69,25.8
16,1696,2106,4.3,16,68.8,1.76,25.6
16,1700,2129,4.58,16,73.3,1.82,24.9
16,1704,2160,4.7,16,75.2,1.88,25.0
16,1708,2190,5,16,80.0,1.93,24.2
16,1712,2219,5.2,16,83.2,1.99,23.9
16,1716,2244,5.42,16,86.7,2.05,23.6
16,1720,2266,5.69,16,91.0,2.12,23.3
16,1724,2305,5.9,16,94.4,2.18,23.1
16,1728,2342,6.19,16,99.0,2.22,22.4
16,1732,2392,6.4,16,102.4,2.28,22.2
16,1736,2416,6.7,16,107.2,2.38,22.2
16,1740,2446,7,16,112.0,2.43,21.7
16,1744,2475,7.4,16,118.4,2.52,21.3
16,1748,2498,7.7,16,123.2,2.58,20.9
16,1752,2538,8.04,16,128.6,2.65,20.6
16,1756,2584,8.4,16,134.4,2.73,20.3
16,1760,2609,8.7,16,139.2,2.76,19.8
16,1764,2639,9.03,16,144.5,2.84,19.7
16,1768,2663,9.34,16,149.4,2.89,19.3
16,1772,2688,9.69,16,155.0,2.98,19.2
16,1776,2711,10.01,16,160.2,3.05,19.1
16,1780,2735,10.4,16,166.4,3.11,18.7
16,1784,2766,10.68,16,170.9,3.17,18.6
16,1788,2809,10.9,16,174.4,3.22,18.4
16,1792,2822,11.3,16,180.8,3.30,18.3
16,1796,2854,11.64,16,186.2,3.37,18.1
16,1800,2888,11.93,16,190.9,3.42,17.9
16,1804,2903,12.38,16,198.1,3.51,17.7
16,1808,2934,12.79,16,204.6,3.61,17.6
16,1812,2973,13.14,16,210.2,3.68,17.5
16,1816,3002,13.54,16,216.6,3.74,17.3
16,1820,3042,13.99,16,223.8,3.82,17.1
16,1824,3065,14.46,16,231.4,3.89,16.8
16,1828,3108,14.86,16,237.8,3.96,16.6
16,1832,3125,15.4,16,246.4,4.06,16.5
16,1836,3153,15.86,16,253.8,4.15,16.3
16,1840,3180,16.41,16,262.6,4.25,16.2
16,1844,3204,16.97,16,271.5,4.30,15.9
16,1848,3242,17.42,16,278.7,4.38,15.7
16,1852,3260,18,16,288.0,4.51,15.7
16,1856,3299,18.5,16,296.0,4.53,15.3
16,1860,3308,19.13,16,306.1,4.65,15.2
16,1864,3351,19.59,16,313.4,4.71,15.0
16,1868,3379,20.15,16,322.4,4.79,14.8
16,1872,3406,20.67,16,330.7,4.84,14.6
16,1876,3428,21.13,16,338.1,4.93,14.6
16,1880,3438,21.8,16,348.8,5.01,14.4
16,1884,3455,22.38,16,358.1,5.08,14.2
16,1888,3494,22.81,16,365.0,5.14,14.1
16,1892,3516,23.28,16,372.5,5.18,13.9
16,1896,3527,23.9,16,382.4,5.22,13.7
16,1900,3533,23.83,16,381.3,5.25,13.8
18,1100,3643,28.22,18,507.9,-4.59,9.0
18,1104,3643,27.91,18,502.4,-4.54,9.0
18,1108,3624,27.31,18,491.6,-4.53,9.2
18,1112,3607,26.62,18,479.2,-4.48,9.3
18,1116,3578,26.04,18,468.7,-4.42,9.4
18,1120,3563,25.38,18,456.8,-4.35,9.5
18,1124,3528,24.8,18,446.4,-4.35,9.7
18,1128,3520,24.03,18,432.5,-4.17,9.6
18,1132,3483,23.53,18,423.5,-4.18,9.9
18,1136,3470,22.78,18,410.0,-4.11,10.0
18,1140,3441,22.21,18,399.8,-4.04,10.1
18,1144,3422,21.5,18,387.0,-3.99,10.3
18,1148,3420,20.61,18,371.0,-3.91,10.6
18,1152,3375,20.17,18,363.1,-3.86,10.6
18,1156,3343,19.51,18,351.2,-3.81,10.8
18,1160,3316,18.85,18,339.3,-3.71,10.9
18,1164,3273,18.23,18,328.1,-3.68,11.2
18,1168,3248,17.57,18,316.3,-3.56,11.2
18,1172,3195,17.12,18,308.2,-3.54,11.5
18,1176,3193,16.34,18,294.1,-3.42,11.6
18,1180,3153,15.8,18,284.4,-3.36,11.8
18,1184,3127,15.19,18,273.4,-3.27,11.9
18,1188,3087,14.69,18,264.4,-3.19,12.1
18,1192,3057,14.16,18,254.9,-3.09,12.1
18,1196,3022,13.68,18,246.2,-3.03,12.3
18,1200,2985,13.27,18,238.9,-2.96,12.4
18,1204,2958,12.83,18,230.9,-2.88,12.5
18,1208,2925,12.36,18,222.5,-2.84,12.8
18,1212,2896,11.99,18,215.8,-2.78,12.9
18,1216,2866,11.58,18,208.4,-2.70,12.9
18,1220,2829,11.32,18,203.8,-2.66,13.0
18,1224,2806,11,18,198.0,-2.59,13.1
18,1228,2785,10.65,18,191.7,-2.53,13.2
18,1232,2756,10.27,18,184.9,-2.48,13.4
18,1236,2720,9.97,18,179.5,-2.42,13.5
18,1240,2695,9.55,18,171.9,-2.36,13.7
18,1244,2673,9.2,18,165.6,-2.32,14.0
18,1248,2638,8.87,18,159.7,-2.25,14.1
18,1252,2603,8.54,18,153.7,-2.21,14.4
18,1256,2572,8.19,18,147.4,-2.16,14.6
18,1260,2549,7.77,18,139.9,-2.11,15.1
18,1264,2514,7.39,18,133.0,-2.04,15.3
18,1268,2488,7,18,126.0,-2.00,15.8
18,1272,2444,6.65,18,119.7,-1.94,16.2
18,1276,2411,6.3,18,113.4,-1.88,16.6
18,1280,2379,6,18,108.0,-1.81,16.8
18,1284,2343,5.75,18,103.5,-1.76,17.0
18,1288,2310,5.5,18,99.0,-1.72,17.4
18,1292,2283,5.23,18,94.1,-1.66,17.6
18,1296,2247,5,18,90.0,-1.61,17.9
18,1300,2218,4.79,18,86.2,-1.56,18.1
18,1304,2178,4.59,18,82.6,-1.52,18.4
18,1308,2155,4.3,18,77.4,-1.47,18.9
18,1312,2123,4.1,18,73.8,-1.42,19.3
18,1316,2089,3.9,18,70.2,-1.38,19.6
18,1320,2046,3.68,18,66.2,-1.33,20.1
18,1324,2013,3.4,18,61.2,-1.27,20.8
18,1328,1974,3.3,18,59.4,-1.22,20.6
18,1332,1937,3.1,18,55.8,-1.17,21.1
18,1336,1896,2.9,18,52.2,-1.13,21.7
18,1340,1871,2.73,18,49.1,-1.08,22.1
18,1344,1832,2.5,18,45.0,-1.05,23.3
18,1348,1796,2.3,18,41.4,-1.01,24.4
18,1352,1765,2.14,18,38.5,-0.97,25.2
18,1356,1733,2,18,36.0,-0.93,26.0
18,1360,1697,1.9,18,34.2,-0.89,26.1
18,1364,1659,1.76,18,31.7,-0.86,27.1
18,1368,1611,1.6,18,28.8,-0.81,28.2
18,1372,1575,1.5,18,27.0,-0.77,28.6
18,1376,1539,1.4,18,25.2,-0.74,29.3
18,1380,1507,1.3,18,23.4,-0.70,29.9
18,1384,1469,1.2,18,21.6,-0.67,31.1
18,1388,1428,1.1,18,19.8,-0.64,32.1
18,1392,1390,1,18,18.0,-0.60,33.3
18,1396,1344,0.8,18,14.4,-0.56,38.7
18,1400,1308,0.8,18,14.4,-0.53,36.9
18,1404,1270,0.7,18,12.6,-0.49,39.2
18,1408,1229,0.63,18,11.3,-0.46,40.8
18,1412,1178,0.53,18,9.5,-0.43,45.2
18,1416,1136,0.5,18,9.0,-0.40,44.4
18,1420,1090,0.4,18,7.2,-0.37,51.0
18,1424,1039,0.4,18,7.2,-0.34,46.6
18,1428,989,0.3,18,5.4,-0.30,56.3
18,1432,935,0.3,18,5.4,-0.27,50.4
18,1436,884,0.2,18,3.6,-0.24,66.8
18,1440,823,0.2,18,3.6,-0.21,58.0
18,1444,760,0.2,18,3.6,-0.18,50.4
18,1448,703,0.1,18,1.8,-0.15,85.7
18,1452,638,0.1,18,1.8,-0.13,70.6
18,1456,575,0.1,18,1.8,-0.10,58.0
18,1460,501,0.05,18,0.9,-0.08,85.7
18,1464,428,0.05,18,0.9,-0.06,65.5
18,1468,357,0.05,18,0.9,-0.05,50.4
18,1472,0,0,18,0.0,0.00,0.0
18,1476,0,0,18,0.0,0.00,0.0
18,1480,0,0,18,0.0,0.00,0.0
18,1484,0,0,18,0.0,0.00,0.0
18,1488,0,0,18,0.0,0.00,0.0
18,1492,0,0,18,0.0,0.00,0.0
18,1496,0,0,18,0.0,0.00,0.0
18,1500,0,0,18,0.0,0.00,0.0
18,1504,0,0,18,0.0,0.00,0.0
18,1508,0,0,18,0.0,0.00,0.0
18,1512,0,0,18,0.0,0.00,0.0
18,1516,0,0,18,0.0,0.00,0.0
18,1520,0,0,18,0.0,0.00,0.0
18,1524,0,0,18,0.0,0.00,0.0
18,1528,0,0,18,0.0,0.00,0.0
18,1532,347,0.05,18,0.9,0.05,50.4
18,1536,424,0.05,18,0.9,0.07,75.6
18,1540,494,0.05,18,0.9,0.09,100.8
18,1544,562,0.1,18,1.8,0.12,68.0
18,1548,624,0.1,18,1.8,0.15,83.2
18,1552,686,0.1,18,1.8,0.18,100.8
18,1556,745,0.2,18,3.6,0.21,59.2
18,1560,805,0.2,18,3.6,0.25,69.3
18,1564,856,0.2,18,3.6,0.29,79.4
18,1568,906,0.3,18,5.4,0.32,58.8
18,1572,959,0.3,18,5.4,0.36,66.4
18,1576,1009,0.4,18,7.2,0.39,54.2
18,1580,1052,0.4,18,7.2,0.43,59.2
18,1584,1099,0.5,18,9.0,0.47,52.4
18,1588,1140,0.5,18,9.0,0.51,56.4
18,1592,1184,0.6,18,10.8,0.55,50.8
18,1596,1227,0.7,18,12.6,0.59,46.4
18,1600,1267,0.8,18,14.4,0.63,43.5
18,1604,1301,0.88,18,15.8,0.67,42.1
18,1608,1341,1,18,18.0,0.70,38.8
18,1612,1377,1,18,18.0,0.76,42.1
18,1616,1419,1.2,18,21.6,0.80,37.2
18,1620,1456,1.3,18,23.4,0.84,35.9
18,1624,1493,1.38,18,24.8,0.88,35.4
18,1628,1527,1.5,18,27.0,0.92,33.9
18,1632,1564,1.6,18,28.8,0.97,33.5
18,1636,1599,1.7,18,30.6,1.02,33.2
18,1640,1637,1.83,18,32.9,1.08,32.6
18,1644,1679,2,18,36.0,1.13,31.5
18,1648,1716,2.1,18,37.8,1.18,31.2
18,1652,1747,2.3,18,41.4,1.22,29.6
18,1656,1783,2.47,18,44.5,1.28,28.8
18,1660,1817,2.7,18,48.6,1.32,27.2
18,1664,1851,2.9,18,52.2,1.38,26.5
18,1668,1887,3.07,18,55.3,1.42,25.8
18,1672,1920,3.24,18,58.3,1.49,25.5
18,1676,1952,3.4,18,61.2,1.54,25.1
18,1680,1989,3.6,18,64.8,1.60,24.6
18,1684,2021,3.8,18,68.4,1.68,24.5
18,1688,2066,4.07,18,73.3,1.74,23.8
18,1692,2098,4.29,18,77.2,1.79,23.1
18,1696,2143,4.52,18,81.4,1.84,22.6
18,1700,2171,4.72,18,85.0,1.92,22.6
18,1704,2198,4.98,18,89.6,1.97,22.0
18,1708,2230,5.2,18,93.6,2.04,21.8
18,1712,2265,5.47,18,98.5,2.08,21.1
18,1716,2293,5.7,18,102.6,2.17,21.2
18,1720,2330,5.97,18,107.5,2.22,20.6
18,1724,2351,6.25,18,112.5,2.28,20.3
18,1728,2402,6.55,18,117.9,2.36,20.0
18,1732,2443,6.87,18,123.7,2.43,19.7
18,1736,2474,7.28,18,131.0,2.50,19.1
18,1740,2513,7.64,18,137.5,2.59,18.8
18,1744,2546,8,18,144.0,2.64,18.4
18,1748,2577,8.4,18,151.2,2.74,18.1
18,1752,2602,8.8,18,158.4,2.79,17.6
18,1756,2627,9.15,18,164.7,2.87,17.4
18,1760,2670,9.48,18,170.6,2.93,17.1
18,1764,2695,9.9,18,178.2,3.01,16.9
18,1768,2731,10.2,18,183.6,3.10,16.9
18,1772,2766,10.53,18,189.5,3.15,16.6
18,1776,2809,10.81,18,194.6,3.21,16.5
18,1780,2823,11.18,18,201.2,3.27,16.2
18,1784,2850,11.58,18,208.4,3.39,16.3
18,1788,2894,11.88,18,213.8,3.46,16.2
18,1792,2914,12.29,18,221.2,3.54,16.0
18,1796,2960,12.59,18,226.6,3.63,16.0
18,1800,2985,13.12,18,236.2,3.72,15.8
18,1804,3026,13.5,18,243.0,3.79,15.6
18,1808,3055,14.04,18,252.7,3.92,15.5
18,1812,3089,14.49,18,260.8,4.02,15.4
18,1816,3124,15.09,18,271.6,4.14,15.2
18,1820,3180,15.55,18,279.9,4.21,15.0
18,1824,3222,16.14,18,290.5,4.32,14.9
18,1828,3265,16.66,18,299.9,4.41,14.7
18,1832,3283,17.32,18,311.8,4.54,14.5
18,1836,3324,17.89,18,322.0,4.67,14.5
18,1840,3375,18.45,18,332.1,4.69,14.1
18,1844,3391,19.27,18,346.9,4.86,14.0
18,1848,3417,19.72,18,355.0,4.92,13.9
18,1852,3446,20.38,18,366.8,5.02,13.7
18,1856,3482,21.03,18,378.5,5.12,13.5
18,1860,3513,21.6,18,388.8,5.21,13.4
18,1864,3542,22.29,18,401.2,5.29,13.2
18,1868,3572,22.87,18,411.7,5.38,13.1
18,1872,3597,23.55,18,423.9,5.50,13.0
18,1876,3619,24.23,18,436.1,5.60,12.8
18,1880,3637,24.77,18,445.9,5.67,12.7
18,1884,3653,25.48,18,458.6,5.77,12.6
18,1888,3687,26.04,18,468.7,5.82,12.4
18,1892,3711,26.74,18,481.3,5.90,12.3
18,1896,3751,27.22,18,490.0,5.98,12.2
18,1900,3742,27.57,18,496.3,6.02,12.1
20,1100,3783,32.17,20,643.5,-5.04,7.8
20,1104,3777,31.37,20,627.4,-4.96,7.9
20,1108,3740,30.6,20,612.0,-4.92,8.0
20,1112,3741,29.67,20,593.4,-4.84,8.2
20,1116,3712,29.04,20,580.8,-4.79,8.3
20,1120,3681,28.26,20,565.2,-4.74,8.4
20,1124,3639,27.56,20,551.2,-4.68,8.5
20,1128,3642,26.74,20,534.8,-4.58,8.6
20,1132,3624,25.82,20,516.4,-4.46,8.6
20,1136,3569,25.16,20,503.2,-4.40,8.8
20,1140,3558,24.45,20,489.0,-4.35,8.9
20,1144,3571,23.54,20,470.8,-4.23,9.0
20,1148,3498,23.08,20,461.6,-4.16,9.0
20,1152,3449,22.46,20,449.2,-4.12,9.2
20,1156,3457,21.63,20,432.6,-4.02,9.3
20,1160,3390,21,20,420.0,-3.96,9.4
20,1164,3385,20.3,20,406.0,-3.89,9.6
20,1168,3335,19.65,20,393.0,-3.81,9.7
20,1172,3315,19,20,380.0,-3.71,9.8
20,1176,3293,18.36,20,367.2,-3.66,10.0
20,1180,3250,17.75,20,355.0,-3.56,10.0
20,1184,3211,17.11,20,342.2,-3.48,10.2
20,1188,3184,16.43,20,328.6,-3.36,10.2
20,1192,3139,15.81,20,316.2,-3.29,10.4
20,1196,3107,15.23,20,304.6,-3.16,10.4
20,1200,3046,14.74,20,294.8,-3.13,10.6
20,1204,3034,14.12,20,282.4,-3.00,10.6
20,1208,2983,13.66,20,273.2,-2.94,10.8
20,1212,2952,13.22,20,264.4,-2.87,10.9
20,1216,2927,12.69,20,253.8,-2.78,10.9
20,1220,2891,12.36,20,247.2,-2.74,11.1
20,1224,2856,12.01,20,240.2,-2.67,11.1
20,1228,2824,11.57,20,231.4,-2.60,11.3
20,1232,2797,11.27,20,225.4,-2.54,11.3
20,1236,2766,10.84,20,216.8,-2.50,11.5
20,1240,2731,10.54,20,210.8,-2.44,11.6
20,1244,2698,10.22,20,204.4,-2.40,11.8
20,1248,2679,9.77,20,195.4,-2.31,11.8
20,1252,2636,9.4,20,188.0,-2.26,12.0
20,1256,2623,8.96,20,179.2,-2.20,12.3
20,1260,2579,8.6,20,172.0,-2.14,12.4
20,1264,2554,8.29,20,165.8,-2.11,12.7
20,1268,2523,7.87,20,157.4,-2.04,13.0
20,1272,2487,7.48,20,149.6,-1.97,13.2
20,1276,2453,7.03,20,140.6,-1.91,13.6
20,1280,2414,6.6,20,132.0,-1.86,14.1
20,1284,2367,6.3,20,126.0,-1.80,14.3
20,1288,2346,5.97,20,119.4,-1.73,14.5
20,1292,2300,5.7,20,114.0,-1.67,14.7
20,1296,2265,5.41,20,108.2,-1.64,15.1
20,1300,2229,5.16,20,103.2,-1.58,15.3
20,1304,2192,4.88,20,97.6,-1.52,15.6
20,1308,2166,4.6,20,92.0,-1.47,16.0
20,1312,2135,4.31,20,86.2,-1.41,16.4
20,1316,2093,4.09,20,81.8,-1.37,16.8
20,1320,2050,3.81,20,76.2,-1.32,17.4
20,1324,2009,3.58,20,71.6,-1.27,17.7
20,1328,1972,3.32,20,66.4,-1.22,18.4
20,1332,1927,3.09,20,61.8,-1.17,18.9
20,1336,1895,2.9,20,58.0,-1.11,19.1
20,1340,1853,2.71,20,54.2,-1.07,19.7
20,1344,1816,2.46,20,49.2,-1.02,20.7
20,1348,1779,2.3,20,46.0,-0.99,21.5
20,1352,1748,2.1,20,42.0,-0.94,22.5
20,1356,1718,2,20,40.0,-0.91,22.7
20,1360,1676,1.84,20,36.8,-0.88,23.8
20,1364,1643,1.7,20,34.0,-0.83,24.4
20,1368,1597,1.59,20,31.8,-0.78,24.5
20,1372,1560,1.5,20,30.0,-0.75,25.1
20,1376,1526,1.3,20,26.0,-0.72,27.6
20,1380,1493,1.29,20,25.8,-0.69,26.7
20,1384,1461,1.2,20,24.0,-0.66,27.4
20,1388,1426,1.05,20,21.0,-0.63,30.0
20,1392,1388,1,20,20.0,-0.59,29.5
20,1396,1349,0.88,20,17.6,-0.56,31.7
20,1400,1315,0.8,20,16.0,-0.53,33.2
20,1404,1277,0.7,20,14.0,-0.50,36.0
20,1408,1246,0.7,20,14.0,-0.47,33.7
20,1412,1201,0.6,20,12.0,-0.44,37.0
20,1416,1159,0.5,20,10.0,-0.41,41.3
20,1420,1120,0.5,20,10.0,-0.39,38.6
20,1424,1077,0.4,20,8.0,-0.36,44.8
20,1428,1024,0.4,20,8.0,-0.32,40.3
20,1432,982,0.3,20,6.0,-0.29,49.1
20,1436,925,0.2,20,4.0,-0.26,65.8
20,1440,876,0.2,20,4.0,-0.24,59.0
20,1444,813,0.2,20,4.0,-0.20,51.0
20,1448,752,0.1,20,2.0,-0.17,86.2
20,1452,688,0.1,20,2.0,-0.15,72.6
20,1456,624,0.1,20,2.0,-0.12,61.2
20,1460,547,0.05,20,1.0,-0.09,90.7
20,1464,471,0.05,20,1.0,-0.07,72.6
20,1468,389,0.05,20,1.0,-0.05,54.4
20,1472,310,0.05,20,1.0,-0.04,36.3
20,1476,0,0,20,0.0,0.00,0.0
20,1480,0,0,20,0.0,0.00,0.0
20,1484,0,0,20,0.0,0.00,0.0
20,1488,0,0,20,0.0,0.00,0.0
20,1492,0,0,20,0.0,0.00,0.0
20,1496,0,0,20,0.0,0.00,0.0
20,1500,0,0,20,0.0,0.00,0.0
20,1504,0,0,20,0.0,0.00,0.0
20,1508,0,0,20,0.0,0.00,0.0
20,1512,0,0,20,0.0,0.00,0.0
20,1516,0,0,20,0.0,0.00,0.0
20,1520,0,0,20,0.0,0.00,0.0
20,1524,0,0,20,0.0,0.00,0.0
20,1528,0,0,20,0.0,0.00,0.0
20,1532,379,0.05,20,1.0,0.06,59.0
20,1536,457,0.05,20,1.0,0.09,86.2
20,1540,532,0.05,20,1.0,0.11,113.4
20,1544,605,0.1,20,2.0,0.15,74.8
20,1548,676,0.1,20,2.0,0.18,90.7
20,1552,735,0.1,20,2.0,0.21,106.6
20,1556,797,0.2,20,4.0,0.25,62.4
20,1560,857,0.2,20,4.0,0.29,71.4
20,1564,905,0.2,20,4.0,0.32,80.5
20,1568,963,0.3,20,6.0,0.36,60.5
20,1572,1001,0.4,20,8.0,0.39,48.8
20,1576,1046,0.4,20,8.0,0.43,53.3
20,1580,1092,0.5,20,10.0,0.47,46.7
20,1584,1129,0.5,20,10.0,0.50,49.9
20,1588,1162,0.6,20,12.0,0.54,44.6
20,1592,1207,0.7,20,14.0,0.57,40.8
20,1596,1240,0.7,20,14.0,0.61,43.4
20,1600,1273,0.8,20,16.0,0.64,40.0
20,1604,1305,0.8,20,16.0,0.66,41.4
20,1608,1334,0.96,20,19.2,0.70,36.4
20,1612,1367,1,20,20.0,0.74,37.0
20,1616,1407,1.1,20,22.0,0.78,35.5
20,1620,1441,1.2,20,24.0,0.82,34.0
20,1624,1472,1.3,20,26.0,0.86,33.1
20,1628,1506,1.4,20,28.0,0.89,31.8
20,1632,1537,1.51,20,30.2,0.93,30.9
20,1636,1571,1.6,20,32.0,0.98,30.5
20,1640,1603,1.79,20,35.8,1.02,28.5
20,1644,1644,1.9,20,38.0,1.06,27.9
20,1648,1685,2.06,20,41.2,1.12,27.2
20,1652,1720,2.2,20,44.0,1.17,26.6
20,1656,1751,2.37,20,47.4,1.22,25.7
20,1660,1797,2.63,20,52.6,1.28,24.3
20,1664,1832,2.82,20,56.4,1.31,23.2
20,1668,1868,3.06,20,61.2,1.38,22.5
20,1672,1911,3.28,20,65.6,1.44,21.9
20,1676,1950,3.49,20,69.8,1.53,21.9
20,1680,1991,3.72,20,74.4,1.58,21.3
20,1684,2040,3.98,20,79.6,1.64,20.6
20,1688,2072,4.26,20,85.2,1.74,20.4
20,1692,2110,4.59,20,91.8,1.80,19.6
20,1696,2145,4.83,20,96.6,1.85,19.1
20,1700,2186,5.08,20,101.6,1.92,18.9
20,1704,2218,5.39,20,107.8,1.98,18.4
20,1708,2242,5.66,20,113.2,2.07,18.3
20,1712,2292,5.9,20,118.0,2.12,18.0
20,1716,2321,6.2,20,124.0,2.20,17.7
20,1720,2371,6.5,20,130.0,2.25,17.3
20,1724,2419,6.87,20,137.4,2.33,16.9
20,1728,2452,7.3,20,146.0,2.44,16.7
20,1732,2493,7.72,20,154.4,2.52,16.3
20,1736,2520,8.14,20,162.8,2.61,16.0
20,1740,2552,8.53,20,170.6,2.66,15.6
20,1744,2593,8.92,20,178.4,2.76,15.5
20,1748,2621,9.29,20,185.8,2.83,15.2
20,1752,2654,9.7,20,194.0,2.91,15.0
20,1756,2696,10,20,200.0,2.99,15.0
20,1760,2723,10.43,20,208.6,3.06,14.7
20,1764,2752,10.77,20,215.4,3.13,14.6
20,1768,2788,11.12,20,222.4,3.22,14.5
20,1772,2820,11.47,20,229.4,3.28,14.3
20,1776,2861,11.78,20,235.6,3.36,14.2
20,1780,2887,12.23,20,244.6,3.44,14.1
20,1784,2928,12.62,20,252.4,3.55,14.1
20,1788,2968,13,20,260.0,3.64,14.0
20,1792,3013,13.47,20,269.4,3.72,13.8
20,1796,3039,14,20,280.0,3.85,13.7
20,1800,3088,14.46,20,289.2,3.96,13.7
20,1804,3122,15.07,20,301.4,4.10,13.6
20,1808,3182,15.64,20,312.8,4.21,13.5
20,1812,3221,16.27,20,325.4,4.33,13.3
20,1816,3268,16.83,20,336.6,4.42,13.1
20,1820,3304,17.51,20,350.2,4.55,13.0
20,1824,3341,18.07,20,361.4,4.70,13.0
20,1828,3380,18.69,20,373.8,4.82,12.9
20,1832,3418,19.3,20,386.0,4.93,12.8
20,1836,3453,19.98,20,399.6,5.02,12.6
20,1840,3481,20.63,20,412.6,5.14,12.5
20,1844,3519,21.21,20,424.2,5.20,12.3
20,1848,3561,21.88,20,437.6,5.39,12.3
20,1852,3593,22.49,20,449.8,5.52,12.3
20,1856,3614,23.2,20,464.0,5.62,12.1
20,1860,3660,23.8,20,476.0,5.71,12.0
20,1864,3684,24.55,20,491.0,5.82,11.8
20,1868,3721,25.19,20,503.8,5.93,11.8
20,1872,3732,25.95,20,519.0,6.06,11.7
20,1876,3778,26.62,20,532.4,6.13,11.5
20,1880,3801,27.55,20,551.0,6.26,11.4
20,1884,3837,28.12,20,562.4,6.36,11.3
20,1888,3855,28.95,20,579.0,6.46,11.2
20,1892,3877,29.74,20,594.8,6.55,11.0
20,1896,3907,30.46,20,609.2,6.62,10.9
20,1900,3931,31.21,20,624.2,6.72,10.8
